{
  "kind": "collectionType",
  "collectionName": "carousels",
  "info": {
    "singularName": "carousel",
    "pluralName": "carousels",
    "displayName": "carousel",
    "description": ""
  },
  "options": {
    "draftAndPublish": true
  },
  "pluginOptions": {},
  "attributes": {
    "code": {
      "type": "string",
      "required": true
    },
    "title": {
      "type": "string",
      "required": true
    },
    "subTitle": {
      "type": "string"
    },
    "description": {
      "type": "string",
      "required": true
    },
    "callToActionText": {
      "type": "string",
      "required": true
    },
    "callToActionUrl": {
      "type": "string"
    },
    "media": {
      "type": "media",
      "multiple": false,
      "required": false,
      "allowedTypes": [
        "images",
        "videos"
      ]
    },
    "order": {
      "type": "integer",
      "required": true,
      "max": 50,
      "min": 1,
      "default": 1
    },
    "content": {
      "type": "blocks"
    }
  }
}
