{
  "kind": "collectionType",
  "collectionName": "perks",
  "info": {
    "singularName": "perk",
    "pluralName": "perks",
    "displayName": "perk"
  },
  "options": {
    "draftAndPublish": true
  },
  "pluginOptions": {},
  "attributes": {
    "title": {
      "type": "string",
      "required": true
    },
    "description": {
      "type": "text",
      "required": true,
      "maxLength": 6000,
      "minLength": 20
    },
    "order": {
      "type": "integer",
      "required": true,
      "default": -1,
      "unique": true,
      "min": -1,
      "max": 100
    }
  }
}
