{
  "kind": "collectionType",
  "collectionName": "employees_testimonies",
  "info": {
    "singularName": "employees-testimony",
    "pluralName": "employees-testimonies",
    "displayName": "employees-testimony"
  },
  "options": {
    "draftAndPublish": true
  },
  "pluginOptions": {},
  "attributes": {
    "fullName": {
      "type": "string",
      "required": true
    },
    "position": {
      "type": "string",
      "required": true
    },
    "testimony": {
      "type": "text",
      "required": true
    },
    "image": {
      "allowedTypes": [
        "images"
      ],
      "type": "media",
      "multiple": false
    }
  }
}
