{
  "kind": "collectionType",
  "collectionName": "casestudies",
  "info": {
    "singularName": "casestudy",
    "pluralName": "casestudies",
    "displayName": "Casestudy",
    "description": ""
  },
  "options": {
    "draftAndPublish": true
  },
  "pluginOptions": {},
  "attributes": {
    "title": {
      "type": "string",
      "required": true,
      "maxLength": 50,
      "minLength": 10
    },
    "isFeatured": {
      "type": "boolean",
      "default": false,
      "required": true
    },
    "featuredText": {
      "type": "string",
      "required": true,
      "maxLength": 100,
      "minLength": 30
    },
    "image": {
      "type": "media",
      "multiple": false,
      "required": false,
      "allowedTypes": [
        "images"
      ]
    },
    "article": {
      "type": "blocks",
      "required": true
    }
  }
}
