{
  "kind": "collectionType",
  "collectionName": "partnership_requests",
  "info": {
    "singularName": "partnership-request",
    "pluralName": "partnership-requests",
    "displayName": "partnership-request",
    "description": ""
  },
  "options": {
    "draftAndPublish": true
  },
  "pluginOptions": {},
  "attributes": {
    "firstName": {
      "type": "string",
      "required": true,
      "minLength": 1,
      "maxLength": 50
    },
    "lastName": {
      "type": "string",
      "required": true,
      "minLength": 1,
      "maxLength": 50
    },
    "email": {
      "type": "email",
      "required": true,
      "unique": true,
      "minLength": 5,
      "maxLength": 200
    },
    "phoneNumber": {
      "type": "string",
      "unique": false,
      "regex": "^\\d+$",
      "minLength": 1,
      "maxLength": 20
    },
    "companyName": {
      "type": "string",
      "required": true,
      "minLength": 1,
      "maxLength": 100
    },
    "companySize": {
      "type": "string"
    },
    "jobTitle": {
      "type": "string",
      "required": true,
      "minLength": 1,
      "maxLength": 100
    },
    "message": {
      "type": "text",
      "minLength": 1,
      "maxLength": 1000
    }
  }
}
