{
  "kind": "collectionType",
  "collectionName": "client_testimonies",
  "info": {
    "singularName": "client-testimony",
    "pluralName": "client-testimonies",
    "displayName": "client-testimony",
    "description": ""
  },
  "options": {
    "draftAndPublish": true
  },
  "pluginOptions": {},
  "attributes": {
    "fullName": {
      "type": "string",
      "required": true
    },
    "position": {
      "type": "string",
      "required": true,
      "default": "CEO"
    },
    "company": {
      "type": "string",
      "required": true
    },
    "testimony": {
      "type": "text",
      "required": true
    },
    "logo": {
      "allowedTypes": [
        "images"
      ],
      "type": "media",
      "multiple": false,
      "required": false
    }
  }
}
