{
  "kind": "collectionType",
  "collectionName": "milestones_stats",
  "info": {
    "singularName": "milestones-stat",
    "pluralName": "milestones-stats",
    "displayName": "milestones-stat",
    "description": ""
  },
  "options": {
    "draftAndPublish": true
  },
  "pluginOptions": {},
  "attributes": {
    "image": {
      "type": "media",
      "multiple": false,
      "required": false,
      "allowedTypes": [
        "images"
      ]
    },
    "text": {
      "type": "string",
      "required": true,
      "maxLength": 50,
      "minLength": 5
    },
    "order": {
      "type": "integer",
      "required": true,
      "max": 1,
      "default": 0,
      "min": 0
    },
    "isTop": {
      "type": "boolean",
      "default": false,
      "required": true
    },
    "value": {
      "type": "string",
      "required": true
    }
  }
}
