{
  "kind": "collectionType",
  "collectionName": "partner_categories",
  "info": {
    "singularName": "partner-category",
    "pluralName": "partner-categories",
    "displayName": "partner-category"
  },
  "options": {
    "draftAndPublish": true
  },
  "pluginOptions": {},
  "attributes": {
    "name": {
      "type": "string",
      "required": true
    },
    "partners": {
      "type": "relation",
      "relation": "oneToMany",
      "target": "api::partner.partner",
      "mappedBy": "partner_category"
    }
  }
}
