{
  "kind": "collectionType",
  "collectionName": "engagments",
  "info": {
    "singularName": "engagment",
    "pluralName": "engagments",
    "displayName": "engagment",
    "description": ""
  },
  "options": {
    "draftAndPublish": true
  },
  "pluginOptions": {},
  "attributes": {
    "description": {
      "type": "string",
      "required": true,
      "maxLength": 300,
      "minLength": 20
    },
    "icon": {
      "type": "text",
      "required": true
    },
    "isFirst": {
      "type": "boolean",
      "default": false,
      "required": true
    },
    "name": {
      "type": "string",
      "required": true
    }
  }
}
