{
  "kind": "collectionType",
  "collectionName": "page_sections",
  "info": {
    "singularName": "page-section",
    "pluralName": "page-sections",
    "displayName": "page-section",
    "description": ""
  },
  "options": {
    "draftAndPublish": true
  },
  "pluginOptions": {},
  "attributes": {
    "title": {
      "type": "string",
      "required": true
    },
    "content": {
      "type": "blocks",
      "required": true
    },
    "page": {
      "type": "string",
      "required": true
    },
    "code": {
      "type": "string",
      "unique": true,
      "required": true
    },
    "subtitle": {
      "type": "string",
      "required": false
    },
    "featuredImage": {
      "type": "media",
      "multiple": false,
      "required": false,
      "allowedTypes": [
        "images"
      ]
    },
    "imagePosition": {
      "type": "enumeration",
      "enum": [
        "TopCenter",
        "TopLeft",
        "TopRight",
        "SideTopLeft",
        "SideTopRight",
        "SideBottomLeft",
        "SideBottomRight",
        "SideCenterLeft",
        "SideCenterRight",
        "BottomCenter",
        "BottomLeft",
        "BottomRight"
      ],
      "default": "SideTopLeft"
    },
    "sideContent": {
      "type": "blocks"
    }
  }
}
