{
  "kind": "collectionType",
  "collectionName": "roadmaps",
  "info": {
    "singularName": "roadmap",
    "pluralName": "roadmaps",
    "displayName": "roadmap",
    "description": ""
  },
  "options": {
    "draftAndPublish": true
  },
  "pluginOptions": {},
  "attributes": {
    "title": {
      "type": "string",
      "required": true
    },
    "subTitle": {
      "type": "string"
    },
    "roadmap_steps": {
      "type": "relation",
      "relation": "oneToMany",
      "target": "api::roadmap-step.roadmap-step",
      "mappedBy": "roadmap"
    },
    "code": {
      "type": "string",
      "unique": true,
      "required": true
    }
  }
}
