{
  "kind": "collectionType",
  "collectionName": "testimonials",
  "info": {
    "singularName": "testimonial",
    "pluralName": "testimonials",
    "displayName": "Testimonial"
  },
  "options": {
    "draftAndPublish": true
  },
  "pluginOptions": {},
  "attributes": {
    "Company": {
      "type": "string",
      "required": true
    },
    "Category": {
      "type": "string",
      "required": true
    },
    "Logo": {
      "allowedTypes": [
        "images"
      ],
      "type": "media",
      "multiple": false,
      "required": true
    },
    "IsFeatured": {
      "type": "boolean",
      "default": false,
      "required": true
    }
  }
}
