{
  "kind": "collectionType",
  "collectionName": "locations",
  "info": {
    "singularName": "location",
    "pluralName": "locations",
    "displayName": "location",
    "description": ""
  },
  "options": {
    "draftAndPublish": true
  },
  "pluginOptions": {},
  "attributes": {
    "name": {
      "type": "string",
      "required": true
    },
    "description": {
      "type": "text",
      "required": true,
      "default": "-"
    },
    "address": {
      "type": "string",
      "required": true,
      "default": "PO Box 712913 Dubai. UAE"
    },
    "email": {
      "type": "email",
      "default": "info@insight360.ae",
      "required": true
    },
    "title": {
      "type": "string",
      "required": true
    },
    "countryIsoAlpha2": {
      "type": "string",
      "required": true
    }
  }
}
