{
  "kind": "collectionType",
  "collectionName": "positions",
  "info": {
    "singularName": "position",
    "pluralName": "positions",
    "displayName": "position",
    "description": ""
  },
  "options": {
    "draftAndPublish": true
  },
  "pluginOptions": {},
  "attributes": {
    "title": {
      "type": "string",
      "required": true
    },
    "description": {
      "type": "string",
      "required": true
    },
    "details": {
      "type": "blocks"
    },
    "externallink": {
      "type": "string"
    },
    "image": {
      "type": "media",
      "multiple": false,
      "required": true,
      "allowedTypes": [
        "images"
      ]
    },
    "endDate": {
      "type": "date",
      "required": true
    },
    "isFilled": {
      "type": "boolean",
      "default": false,
      "required": true
    }
  }
}
