{
  "kind": "collectionType",
  "collectionName": "heroes",
  "info": {
    "singularName": "hero",
    "pluralName": "heroes",
    "displayName": "Hero"
  },
  "options": {
    "draftAndPublish": true
  },
  "pluginOptions": {},
  "attributes": {
    "Title": {
      "type": "string",
      "required": true
    },
    "TextOne": {
      "type": "text"
    },
    "TextTwo": {
      "type": "text"
    },
    "TextThree": {
      "type": "text"
    },
    "CallToAction": {
      "type": "string"
    },
    "Section": {
      "type": "string",
      "required": true
    }
  }
}
