{
  "kind": "collectionType",
  "collectionName": "messages",
  "info": {
    "singularName": "message",
    "pluralName": "messages",
    "displayName": "Message",
    "description": ""
  },
  "options": {
    "draftAndPublish": true
  },
  "pluginOptions": {},
  "attributes": {
    "fullName": {
      "type": "string",
      "required": true,
      "maxLength": 100,
      "minLength": 1
    },
    "email": {
      "type": "email",
      "required": true,
      "maxLength": 255,
      "minLength": 5
    },
    "message": {
      "type": "text",
      "required": true,
      "maxLength": 1000,
      "minLength": 1
    }
  }
}
