{
  "kind": "collectionType",
  "collectionName": "blogs",
  "info": {
    "singularName": "blog",
    "pluralName": "blogs",
    "displayName": "news-article",
    "description": ""
  },
  "options": {
    "draftAndPublish": true
  },
  "pluginOptions": {},
  "attributes": {
    "title": {
      "type": "string",
      "required": true
    },
    "slug": {
      "type": "string"
    },
    "content": {
      "type": "blocks",
      "required": true
    },
    "excerpt": {
      "type": "text",
      "required": true
    },
    "author": {
      "type": "string",
      "required": true
    },
    "category": {
      "type": "string"
    },
    "tags": {
      "type": "string"
    },
    "featuredImage": {
      "type": "media",
      "multiple": false,
      "required": false,
      "allowedTypes": [
        "images"
      ]
    },
    "seo": {
      "type": "json"
    },
    "readTime": {
      "type": "integer",
      "max": 60,
      "min": 1
    },
    "isFeatured": {
      "type": "boolean",
      "default": false,
      "required": true
    }
  }
}
