{
  "kind": "collectionType",
  "collectionName": "roadmap_steps",
  "info": {
    "singularName": "roadmap-step",
    "pluralName": "roadmap-steps",
    "displayName": "roadmap-step",
    "description": ""
  },
  "options": {
    "draftAndPublish": true
  },
  "pluginOptions": {},
  "attributes": {
    "title": {
      "type": "string",
      "required": true
    },
    "description": {
      "type": "string",
      "required": true
    },
    "position": {
      "type": "integer",
      "required": true
    },
    "isFilled": {
      "type": "boolean",
      "default": false,
      "required": true
    },
    "roadmap": {
      "type": "relation",
      "relation": "manyToOne",
      "target": "api::roadmap.roadmap",
      "inversedBy": "roadmap_steps"
    }
  }
}
