{
  "kind": "collectionType",
  "collectionName": "sectors",
  "info": {
    "singularName": "sector",
    "pluralName": "sectors",
    "displayName": "sector",
    "description": ""
  },
  "options": {
    "draftAndPublish": true
  },
  "pluginOptions": {},
  "attributes": {
    "name": {
      "type": "string",
      "required": true
    },
    "shortDescription": {
      "type": "text",
      "required": true
    },
    "longDescription": {
      "type": "blocks",
      "required": true
    },
    "image": {
      "type": "media",
      "multiple": false,
      "required": true,
      "allowedTypes": [
        "images"
      ]
    }
  }
}
