{
  "kind": "collectionType",
  "collectionName": "partners",
  "info": {
    "singularName": "partner",
    "pluralName": "partners",
    "displayName": "Partner",
    "description": ""
  },
  "options": {
    "draftAndPublish": true
  },
  "pluginOptions": {},
  "attributes": {
    "name": {
      "type": "string",
      "required": true,
      "unique": true
    },
    "slogan": {
      "type": "string"
    },
    "order": {
      "type": "integer",
      "min": 0,
      "default": 100
    },
    "isMainPartner": {
      "type": "boolean",
      "default": true
    },
    "logo": {
      "type": "media",
      "multiple": false,
      "required": false,
      "allowedTypes": [
        "images"
      ]
    },
    "partner_category": {
      "type": "relation",
      "relation": "manyToOne",
      "target": "api::partner-category.partner-category",
      "inversedBy": "partners"
    }
  }
}
