{
  "kind": "collectionType",
  "collectionName": "inumbers",
  "info": {
    "singularName": "inumber",
    "pluralName": "inumbers",
    "displayName": "inumber",
    "description": ""
  },
  "options": {
    "draftAndPublish": true
  },
  "pluginOptions": {},
  "attributes": {
    "value": {
      "type": "integer",
      "required": true
    },
    "addOn": {
      "type": "string"
    },
    "text": {
      "type": "string",
      "required": true
    },
    "description": {
      "type": "text",
      "required": true
    },
    "isFirst": {
      "type": "boolean",
      "default": false,
      "required": true
    }
  }
}
