{
  "kind": "collectionType",
  "collectionName": "faqs",
  "info": {
    "singularName": "faq",
    "pluralName": "faqs",
    "displayName": "Faq"
  },
  "options": {
    "draftAndPublish": true
  },
  "pluginOptions": {},
  "attributes": {
    "Question": {
      "type": "string",
      "required": true,
      "maxLength": 500,
      "minLength": 10
    },
    "Response": {
      "type": "text",
      "required": true,
      "maxLength": 5000,
      "minLength": 100
    },
    "IsFeatured": {
      "type": "boolean",
      "default": true,
      "required": true
    }
  }
}
