{
  "kind": "collectionType",
  "collectionName": "articles",
  "info": {
    "singularName": "article",
    "pluralName": "articles",
    "displayName": "blog-Article",
    "description": ""
  },
  "options": {
    "draftAndPublish": true
  },
  "pluginOptions": {},
  "attributes": {
    "title": {
      "type": "string",
      "required": true
    },
    "author": {
      "type": "string",
      "required": true
    },
    "featuredImage": {
      "type": "media",
      "multiple": false,
      "required": false,
      "allowedTypes": [
        "images"
      ]
    },
    "excerpt": {
      "type": "text"
    },
    "isFeaturedPost": {
      "type": "boolean",
      "default": false,
      "required": true
    },
    "content": {
      "type": "blocks"
    }
  }
}
