{
  "kind": "collectionType",
  "collectionName": "smposts",
  "info": {
    "singularName": "smpost",
    "pluralName": "smposts",
    "displayName": "smpost",
    "description": ""
  },
  "options": {
    "draftAndPublish": true
  },
  "pluginOptions": {},
  "attributes": {
    "name": {
      "type": "string",
      "required": true
    },
    "userName": {
      "type": "string",
      "required": true
    },
    "message": {
      "type": "text",
      "required": true
    },
    "date": {
      "type": "datetime",
      "required": true,
      "default": "2024-01-01T09:00:00.000Z"
    },
    "nbComments": {
      "type": "integer",
      "min": 1,
      "default": 0
    },
    "nbShares": {
      "type": "integer",
      "min": 0,
      "default": 0
    },
    "nbLikes": {
      "type": "integer",
      "default": 0,
      "min": 0
    }
  }
}
